|[[-1, 'Obama', -1, -1], [6, 'Obama', 'yielding', 'santa'], [11, 'interviewer', 'innate', 'interviewer'], [1, 'wow', 'woozy', 'breath']]| |What do you think of Obama| |Obama more like yielding Obama| |Obama cant believe the innate interviewer| |wow interviewer is really woozy| 0.75
|[[-1, 'Obama', -1, -1], [6, 'like', 'mindless', 'march'], [7, 'like', 'momentous', 'hen'], [9, 'This', 'material', 'jeans']]| |What do you think of Obama| |Obama more like mindless Obama| |cant wait for this momentous like| |This is going to be a material jeans| 0.75
|[[-1, 'Obama', -1, -1], [6, 'like', 'like', 'helmet'], [4, 'like', 'long-term', 'hook'], [7, 'for', 'ludicrous', 'meal']]| |What do you think of Obama| |Obama more like like Obama| |This like will be long-term| |cant wait for this ludicrous like| 0.375
|[[-1, 'Obama', -1, -1], [13, 'Obama', 'military', 'save'], [4, 'This', 'wistful', 'saxophone'], [9, 'to', 'purring', 'scarf']]| |What do you think of Obama| |remember how Obama was military| |This Obama will be wistful| |This is going to be a purring scarf| 0.5
|[[-1, 'Obama', -1, -1], [9, 'is', 'cheerful', 'panty'], [3, 'panther', 'puzzling', 'panther'], [13, 'panther', 'spectacular', 'maria']]| |What do you think of Obama| |This is going to be a cheerful panty| |Man forget about is, panther will be puzzling| |remember how panther was spectacular| 0.625
|[[-1, 'Obama', -1, -1], [7, 'itchy', 'itchy', 'history'], [7, 'for', 'spiritual', 'hook'], [12, 'modern', 'modern', 'toe']]| |What do you think of Obama| |cant wait for this itchy Obama| |cant wait for this spiritual itchy| |for has made a modern impact| 0.25
|[[-1, 'Obama', -1, -1], [4, 'be', 'jazzy', 'hour'], [9, 'is', 'last', 'hubcap'], [1, 'is', 'auspicious', 'pantyhose']]| |What do you think of Obama| |This Obama will be jazzy| |This is going to be a last hubcap| |wow is is really auspicious| 0.375
|[[-1, 'Obama', -1, -1], [1, 'really', 'many', 'bridge'], [6, 'impolite', 'impolite', 'marimba'], [9, 'going', 'lame', 'sand']]| |What do you think of Obama| |wow Obama is really many| |really more like impolite really| |This is going to be a lame sand| 0.25
|[[-1, 'Obama', -1, -1], [9, 'to', 'ceaseless', 'karate'], [11, 'the', 'wiry', 'africa'], [1, 'is', 'beautiful', 'jacket']]| |What do you think of Obama| |This is going to be a ceaseless karate| |to cant believe the wiry africa| |wow the is really beautiful| 0.25
|[[-1, 'Obama', -1, -1], [8, 'I', 'cheerful', 'calendar'], [10, 'wait', 'sore', 'saudi arabia'], [3, 'forget', 'jolly', 'jaguar']]| |What do you think of Obama| |I think calendar is more cheerful than Obama| |cant wait for a sore saudi arabia| |Man forget about wait, jaguar will be jolly| 0.625
|[[-1, 'Obama', -1, -1], [11, 'the', 'yellow', 'aftermath'], [3, 'forget', 'befitting', 'hourglass'], [4, 'will', 'worthless', 'bronze']]| |What do you think of Obama| |Obama cant believe the yellow aftermath| |Man forget about the, hourglass will be befitting| |This forget will be worthless| 0.625
|[[-1, 'Obama', -1, -1], [10, 'horse', 'bashful', 'horse'], [12, 'impact', 'many', 'particle'], [1, 'wow', 'irritating', 'mechanic']]| |What do you think of Obama| |cant wait for a bashful horse| |horse has made a many impact| |wow impact is really irritating| 0.75
|[[-1, 'Obama', -1, -1], [9, 'a', 'industrious', 'can'], [1, 'a', 'magenta', 'title'], [10, 'cant', 'spiffy', 'panties']]| |What do you think of Obama| |This is going to be a industrious can| |wow a is really magenta| |cant wait for a spiffy panties| 0.25
|[[-1, 'Obama', -1, -1], [4, 'will', 'belligerent', 'jury'], [2, 'I', 'messy', 'pantry'], [6, 'like', 'intelligent', 'brass']]| |What do you think of Obama| |This Obama will be belligerent| |I dont agree, but will is messy| |I more like intelligent I| 0.875
|[[-1, 'Obama', -1, -1], [5, 'today', 'mature', 'scraper'], [6, 'more', 'juicy', 'can'], [0, 'I', 'modern', 'house']]| |What do you think of Obama| |Yea Obama is really mature today| |today more like juicy today| |I think that more is very modern| 0.5
|[[-1, 'Obama', -1, -1], [4, 'zippy', 'zippy', 'intestine'], [11, 'zippy', 'lowly', 'salmon'], [11, 'zippy', 'special', 'imprisonment']]| |What do you think of Obama| |This Obama will be zippy| |zippy cant believe the lowly salmon| |zippy cant believe the special imprisonment| 0.375
|[[-1, 'Obama', -1, -1], [8, 'Obama', 'invincible', 'jury'], [5, 'spiffy', 'spiffy', 'january'], [4, 'spiffy', 'majestic', 'jail']]| |What do you think of Obama| |I think jury is more invincible than Obama| |Yea Obama is really spiffy today| |This spiffy will be majestic| 0.375
|[[-1, 'Obama', -1, -1], [11, 'mall', 'inquisitive', 'mall'], [13, 'was', 'lovely', 'partridge'], [12, 'made', 'spiffy', 'male']]| |What do you think of Obama| |Obama cant believe the inquisitive mall| |remember how mall was lovely| |was has made a spiffy impact| 0.375
|[[-1, 'Obama', -1, -1], [0, 'is', 'loving', 'saw'], [7, 'wait', 'ludicrous', 'sarah'], [6, 'spiky', 'spiky', 'accelerator']]| |What do you think of Obama| |I think that Obama is very loving| |cant wait for this ludicrous is| |wait more like spiky wait| 0.5
|[[-1, 'Obama', -1, -1], [4, 'loose', 'loose', 'january'], [4, 'loose', 'majestic', 'jacket'], [10, 'mere', 'mere', 'brass']]| |What do you think of Obama| |This Obama will be loose| |This loose will be majestic| |cant wait for a mere brass| 0.25
|[[-1, 'Obama', -1, -1], [0, 'is', 'loving', 'saw'], [7, 'wait', 'ludicrous', 'sarah'], [4, 'spiffy', 'majestic', 'jail']]| |What do you think of Obama| |I think that Obama is very loving| |cant wait for this ludicrous is| |This wait will be majestic| 0.625
|[[-1, 'Obama', -1, -1], [4, 'zippy', 'zippy', 'intestine'], [11, 'zippy', 'lowly', 'salmon'], [6, 'spiky', 'spiky', 'accelerator']]| |What do you think of Obama| |This Obama will be zippy| |zippy cant believe the lowly salmon| |zippy more like spiky zippy| 0.25
|[[-1, 'Obama', -1, -1], [4, 'loose', 'loose', 'january'], [7, 'wait', 'ludicrous', 'sarah'], [4, 'spiffy', 'majestic', 'jail']]| |What do you think of Obama| |This Obama will be loose| |cant wait for this ludicrous loose| |This wait will be majestic| 0.25
|[[-1, 'Obama', -1, -1], [4, 'zippy', 'zippy', 'intestine'], [5, 'spiffy', 'spiffy', 'january'], [6, 'spiky', 'spiky', 'accelerator']]| |What do you think of Obama| |This Obama will be zippy| |Yea zippy is really spiffy today| |spiffy more like spiky spiffy| 0.375
|[[-1, 'Obama', -1, -1], [4, 'loose', 'loose', 'january'], [5, 'spiffy', 'spiffy', 'january'], [10, 'mere', 'mere', 'brass']]| |What do you think of Obama| |This Obama will be loose| |Yea loose is really spiffy today| |cant wait for a mere brass| 0.25
|[[-1, 'Obama', -1, -1], [4, 'loose', 'loose', 'january'], [4, 'loose', 'majestic', 'jacket'], [11, 'zippy', 'special', 'imprisonment']]| |What do you think of Obama| |This Obama will be loose| |This loose will be majestic| |loose cant believe the special imprisonment| 0.25
|[[-1, 'Obama', -1, -1], [0, 'is', 'loving', 'saw'], [5, 'spiffy', 'spiffy', 'january'], [4, 'spiffy', 'majestic', 'jail']]| |What do you think of Obama| |I think that Obama is very loving| |Yea is is really spiffy today| |This spiffy will be majestic| 0.375
|[[-1, 'Obama', -1, -1], [4, 'loose', 'loose', 'january'], [11, 'zippy', 'lowly', 'salmon'], [6, 'spiky', 'spiky', 'accelerator']]| |What do you think of Obama| |This Obama will be loose| |loose cant believe the lowly salmon| |zippy more like spiky zippy| 0.375
|[[-1, 'Obama', -1, -1], [4, 'loose', 'loose', 'january'], [5, 'spiffy', 'spiffy', 'january'], [12, 'made', 'spiffy', 'male']]| |What do you think of Obama| |This Obama will be loose| |Yea loose is really spiffy today| |spiffy has made a spiffy impact| 0.25
|[[-1, 'Obama', -1, -1], [4, 'zippy', 'zippy', 'intestine'], [7, 'wait', 'ludicrous', 'sarah'], [4, 'spiffy', 'majestic', 'jail']]| |What do you think of Obama| |This Obama will be zippy| |cant wait for this ludicrous zippy| |This wait will be majestic| 0.375
|[[-1, 'Obama', -1, -1], [0, 'is', 'loving', 'saw'], [4, 'loose', 'majestic', 'jacket'], [4, 'spiffy', 'majestic', 'jail']]| |What do you think of Obama| |I think that Obama is very loving| |This is will be majestic| |This loose will be majestic| 0.5
|[[-1, 'Obama', -1, -1], [4, 'zippy', 'zippy', 'intestine'], [11, 'zippy', 'lowly', 'salmon'], [10, 'mere', 'mere', 'brass']]| |What do you think of Obama| |This Obama will be zippy| |zippy cant believe the lowly salmon| |cant wait for a mere brass| 0.375
|[[-1, 'Obama', -1, -1], [11, 'mall', 'inquisitive', 'mall'], [5, 'spiffy', 'spiffy', 'january'], [12, 'made', 'spiffy', 'male']]| |What do you think of Obama| |Obama cant believe the inquisitive mall| |Yea mall is really spiffy today| |spiffy has made a spiffy impact| 0.375
|[[-1, 'Obama', -1, -1], [0, 'is', 'loving', 'saw'], [5, 'spiffy', 'spiffy', 'january'], [4, 'spiffy', 'majestic', 'jail']]| |What do you think of Obama| |I think that Obama is very loving| |Yea is is really spiffy today| |This spiffy will be majestic| 0.5
|[[-1, 'Obama', -1, -1], [4, 'loose', 'loose', 'january'], [5, 'spiffy', 'spiffy', 'january'], [4, 'spiffy', 'majestic', 'jail']]| |What do you think of Obama| |This Obama will be loose| |Yea loose is really spiffy today| |This spiffy will be majestic| 0.25
|[[-1, 'Obama', -1, -1], [0, 'is', 'loving', 'saw'], [4, 'loose', 'majestic', 'jacket'], [6, 'spiky', 'spiky', 'accelerator']]| |What do you think of Obama| |I think that Obama is very loving| |This is will be majestic| |loose more like spiky loose| 0.5
|[[-1, 'Obama', -1, -1], [4, 'zippy', 'zippy', 'intestine'], [5, 'spiffy', 'spiffy', 'january'], [4, 'spiffy', 'majestic', 'jail']]| |What do you think of Obama| |This Obama will be zippy| |Yea zippy is really spiffy today| |This spiffy will be majestic| 0.25
|[[-1, 'Obama', -1, -1], [0, 'is', 'loving', 'saw'], [11, 'zippy', 'lowly', 'salmon'], [12, 'made', 'spiffy', 'male']]| |What do you think of Obama| |I think that Obama is very loving| |is cant believe the lowly salmon| |zippy has made a spiffy impact| 0.5
|[[-1, 'Obama', -1, -1], [4, 'loose', 'loose', 'january'], [11, 'zippy', 'lowly', 'salmon'], [4, 'spiffy', 'majestic', 'jail']]| |What do you think of Obama| |This Obama will be loose| |loose cant believe the lowly salmon| |This zippy will be majestic| 0.25
|[[-1, 'Obama', -1, -1], [4, 'loose', 'loose', 'january'], [5, 'spiffy', 'spiffy', 'january'], [10, 'mere', 'mere', 'brass']]| |What do you think of Obama| |This Obama will be loose| |Yea loose is really spiffy today| |cant wait for a mere brass| 0.25
|[[-1, 'Obama', -1, -1], [11, 'mall', 'inquisitive', 'mall'], [5, 'spiffy', 'spiffy', 'january'], [12, 'made', 'spiffy', 'male']]| |What do you think of Obama| |Obama cant believe the inquisitive mall| |Yea mall is really spiffy today| |spiffy has made a spiffy impact| 0.375
|[[-1, 'Obama', -1, -1], [4, 'zippy', 'zippy', 'intestine'], [11, 'zippy', 'lowly', 'salmon'], [12, 'made', 'spiffy', 'male']]| |What do you think of Obama| |This Obama will be zippy| |zippy cant believe the lowly salmon| |zippy has made a spiffy impact| 0.375
|[[-1, 'Obama', -1, -1], [4, 'loose', 'loose', 'january'], [7, 'wait', 'ludicrous', 'sarah'], [12, 'made', 'spiffy', 'male']]| |What do you think of Obama| |This Obama will be loose| |cant wait for this ludicrous loose| |wait has made a spiffy impact| 0.375
|[[-1, 'Obama', -1, -1], [4, 'loose', 'loose', 'january'], [5, 'spiffy', 'spiffy', 'january'], [10, 'mere', 'mere', 'brass']]| |What do you think of Obama| |This Obama will be loose| |Yea loose is really spiffy today| |cant wait for a mere brass| 0.25
|[[-1, 'Obama', -1, -1], [11, 'mall', 'inquisitive', 'mall'], [11, 'zippy', 'lowly', 'salmon'], [10, 'mere', 'mere', 'brass']]| |What do you think of Obama| |Obama cant believe the inquisitive mall| |mall cant believe the lowly salmon| |cant wait for a mere brass| 0.375
|[[-1, 'Obama', -1, -1], [4, 'zippy', 'zippy', 'intestine'], [5, 'spiffy', 'spiffy', 'january'], [12, 'made', 'spiffy', 'male']]| |What do you think of Obama| |This Obama will be zippy| |Yea zippy is really spiffy today| |spiffy has made a spiffy impact| 0.375
|[[-1, 'Obama', -1, -1], [4, 'loose', 'loose', 'january'], [5, 'spiffy', 'spiffy', 'january'], [11, 'zippy', 'special', 'imprisonment']]| |What do you think of Obama| |This Obama will be loose| |Yea loose is really spiffy today| |spiffy cant believe the special imprisonment| 0.25
|[[-1, 'Obama', -1, -1], [4, 'zippy', 'zippy', 'intestine'], [5, 'spiffy', 'spiffy', 'january'], [12, 'made', 'spiffy', 'male']]| |What do you think of Obama| |This Obama will be zippy| |Yea zippy is really spiffy today| |spiffy has made a spiffy impact| 0.375
|[[-1, 'Obama', -1, -1], [4, 'zippy', 'zippy', 'intestine'], [11, 'zippy', 'lowly', 'salmon'], [4, 'spiffy', 'majestic', 'jail']]| |What do you think of Obama| |This Obama will be zippy| |zippy cant believe the lowly salmon| |This zippy will be majestic| 0.375
|[[-1, 'Obama', -1, -1], [4, 'zippy', 'zippy', 'intestine'], [7, 'wait', 'ludicrous', 'sarah'], [6, 'spiky', 'spiky', 'accelerator']]| |What do you think of Obama| |This Obama will be zippy| |cant wait for this ludicrous zippy| |wait more like spiky wait| 0.5
|[[-1, 'Obama', -1, -1], [8, 'Obama', 'labored', 'saturday'], [9, 'a', 'impossible', 'mall'], [13, 'was', 'splendid', 'canoe']]| |What do you think of Obama| |I think saturday is more labored than Obama| |This is going to be a impossible mall| |remember how a was splendid| 0.25
|[[-1, 'Obama', -1, -1], [8, 'think', 'chivalrous', 'scraper'], [3, 'will', 'keen', 'manx'], [4, 'be', 'legal', 'breath']]| |What do you think of Obama| |I think scraper is more chivalrous than Obama| |Man forget about think, manx will be keen| |This will will be legal| 0.5
|[[-1, 'Obama', -1, -1], [8, 'wise', 'wise', 'bridge'], [0, 'think', 'medical', 'humor'], [11, 'loose', 'loose', 'hose']]| |What do you think of Obama| |I think bridge is more wise than Obama| |I think that wise is very medical| |think cant believe the loose hose| 0.25
|[[-1, 'Obama', -1, -1], [11, 'irate', 'irate', 'horn'], [9, 'This', 'jobless', 'jaguar'], [4, 'be', 'spotty', 'panties']]| |What do you think of Obama| |Obama cant believe the irate horn| |This is going to be a jobless jaguar| |This This will be spotty| 0.375
|[[-1, 'Obama', -1, -1], [3, 'Obama,', 'sore', 'jaw'], [12, 'made', 'limping', 'salad'], [12, 'impact', 'chemical', 'canoe']]| |What do you think of Obama| |Man forget about Obama, jaw will be sore| |Obama, has made a limping impact| |made has made a chemical impact| 0.375
|[[-1, 'Obama', -1, -1], [8, 'Obama', 'labored', 'saturday'], [9, 'This', 'jobless', 'jaguar'], [4, 'be', 'legal', 'breath']]| |What do you think of Obama| |I think saturday is more labored than Obama| |This is going to be a jobless jaguar| |This This will be legal| 0.375
|[[-1, 'Obama', -1, -1], [8, 'think', 'chivalrous', 'scraper'], [9, 'This', 'jobless', 'jaguar'], [13, 'was', 'splendid', 'canoe']]| |What do you think of Obama| |I think scraper is more chivalrous than Obama| |This is going to be a jobless jaguar| |remember how This was splendid| 0.625
|[[-1, 'Obama', -1, -1], [11, 'irate', 'irate', 'horn'], [9, 'This', 'jobless', 'jaguar'], [4, 'be', 'legal', 'breath']]| |What do you think of Obama| |Obama cant believe the irate horn| |This is going to be a jobless jaguar| |This This will be legal| 0.375
|[[-1, 'Obama', -1, -1], [8, 'think', 'chivalrous', 'scraper'], [12, 'made', 'limping', 'salad'], [4, 'be', 'spotty', 'panties']]| |What do you think of Obama| |I think scraper is more chivalrous than Obama| |think has made a limping impact| |This made will be spotty| 0.375
|[[-1, 'Obama', -1, -1], [8, 'think', 'chivalrous', 'scraper'], [3, 'will', 'keen', 'manx'], [12, 'impact', 'chemical', 'canoe']]| |What do you think of Obama| |I think scraper is more chivalrous than Obama| |Man forget about think, manx will be keen| |will has made a chemical impact| 0.625
|[[-1, 'Obama', -1, -1], [11, 'irate', 'irate', 'horn'], [12, 'made', 'limping', 'salad'], [12, 'impact', 'chemical', 'canoe']]| |What do you think of Obama| |Obama cant believe the irate horn| |irate has made a limping impact| |made has made a chemical impact| 0.25
|[[-1, 'Obama', -1, -1], [8, 'wise', 'wise', 'bridge'], [9, 'This', 'jobless', 'jaguar'], [13, 'was', 'splendid', 'canoe']]| |What do you think of Obama| |I think bridge is more wise than Obama| |This is going to be a jobless jaguar| |remember how This was splendid| 0.625
|[[-1, 'Obama', -1, -1], [3, 'Obama,', 'sore', 'jaw'], [3, 'will', 'keen', 'manx'], [4, 'be', 'spotty', 'panties']]| |What do you think of Obama| |Man forget about Obama, jaw will be sore| |Man forget about Obama,, manx will be keen| |This will will be spotty| 0.25
|[[-1, 'Obama', -1, -1], [8, 'think', 'chivalrous', 'scraper'], [9, 'This', 'jobless', 'jaguar'], [12, 'impact', 'chemical', 'canoe']]| |What do you think of Obama| |I think scraper is more chivalrous than Obama| |This is going to be a jobless jaguar| |This has made a chemical impact| 0.75
|[[-1, 'Obama', -1, -1], [8, 'Obama', 'labored', 'saturday'], [9, 'a', 'impossible', 'mall'], [4, 'be', 'legal', 'breath']]| |What do you think of Obama| |I think saturday is more labored than Obama| |This is going to be a impossible mall| |This a will be legal| 0.375
|[[12, 'impact', 'many', 'particle'], [12, 'lame', 'lame', 'part'], [2, 'I', 'moldy', 'aftershave'], [10, 'malicious', 'malicious', 'accelerator']]| |malicious has made a many impact| |impact has made a lame impact| |I dont agree, but lame is moldy| |cant wait for a malicious accelerator| 0.125
|[[12, 'impact', 'many', 'particle'], [0, 'literate', 'literate', 'pantry'], [1, 'is', 'macho', 'party'], [8, 'more', 'invincible', 'heart']]| |more has made a many impact| |I think that impact is very literate| |wow literate is really macho| |I think heart is more invincible than is| 0.25
|[[12, 'impact', 'many', 'particle'], [2, 'impact', 'wise', 'panther'], [5, 'really', 'knotty', 'help'], [12, 'impact', 'madly', 'agenda']]| |impact has made a many impact| |I dont agree, but impact is wise| |Yea impact is really knotty today| |really has made a madly impact| 0.625
|[[12, 'impact', 'many', 'particle'], [10, 'a', 'lacking', 'heaven'], [9, 'to', 'long-term', 'mask'], [6, 'to', 'wry', 'santa']]| |to has made a many impact| |cant wait for a lacking heaven| |This is going to be a long-term mask| |to more like wry to| 0.125
|[[12, 'impact', 'many', 'particle'], [8, 'more', 'auspicious', 'satin'], [6, 'jumpy', 'jumpy', 'screen'], [3, 'mixed', 'mixed', 'sandra']]| |mixed has made a many impact| |I think satin is more auspicious than impact| |more more like jumpy more| |Man forget about jumpy, sandra will be mixed| 0.0
|[[12, 'impact', 'many', 'particle'], [2, 'impact', 'wise', 'panther'], [9, 'to', 'long-term', 'mask'], [6, 'to', 'wry', 'santa']]| |to has made a many impact| |I dont agree, but impact is wise| |This is going to be a long-term mask| |to more like wry to| 0.125
|[[12, 'impact', 'many', 'particle'], [2, 'impact', 'wise', 'panther'], [9, 'to', 'long-term', 'mask'], [12, 'impact', 'madly', 'agenda']]| |impact has made a many impact| |I dont agree, but impact is wise| |This is going to be a long-term mask| |to has made a madly impact| 0.5
|[[12, 'impact', 'many', 'particle'], [0, 'literate', 'literate', 'pantry'], [2, 'I', 'moldy', 'aftershave'], [6, 'to', 'wry', 'santa']]| |to has made a many impact| |I think that impact is very literate| |I dont agree, but literate is moldy| |I more like wry I| 0.375
|[[12, 'impact', 'many', 'particle'], [0, 'literate', 'literate', 'pantry'], [5, 'really', 'knotty', 'help'], [3, 'mixed', 'mixed', 'sandra']]| |mixed has made a many impact| |I think that impact is very literate| |Yea literate is really knotty today| |Man forget about really, sandra will be mixed| 0.5
|[[12, 'impact', 'many', 'particle'], [10, 'a', 'lacking', 'heaven'], [1, 'is', 'macho', 'party'], [6, 'to', 'wry', 'santa']]| |to has made a many impact| |cant wait for a lacking heaven| |wow a is really macho| |is more like wry is| 0.125
|[[12, 'impact', 'many', 'particle'], [8, 'more', 'auspicious', 'satin'], [9, 'to', 'long-term', 'mask'], [8, 'more', 'invincible', 'heart']]| |more has made a many impact| |I think satin is more auspicious than impact| |This is going to be a long-term mask| |I think heart is more invincible than to| 0.125
|[[12, 'impact', 'many', 'particle'], [2, 'impact', 'wise', 'panther'], [2, 'I', 'moldy', 'aftershave'], [8, 'more', 'invincible', 'heart']]| |more has made a many impact| |I dont agree, but impact is wise| |I dont agree, but impact is moldy| |I think heart is more invincible than I| 0.375
|[[12, 'impact', 'many', 'particle'], [0, 'literate', 'literate', 'pantry'], [2, 'I', 'moldy', 'aftershave'], [12, 'impact', 'madly', 'agenda']]| |impact has made a many impact| |I think that impact is very literate| |I dont agree, but literate is moldy| |I has made a madly impact| 0.875
|[[12, 'impact', 'many', 'particle'], [0, 'literate', 'literate', 'pantry'], [9, 'to', 'long-term', 'mask'], [6, 'to', 'wry', 'santa']]| |to has made a many impact| |I think that impact is very literate| |This is going to be a long-term mask| |to more like wry to| 0.375
|[[12, 'impact', 'many', 'particle'], [0, 'literate', 'literate', 'pantry'], [1, 'is', 'macho', 'party'], [6, 'to', 'wry', 'santa']]| |to has made a many impact| |I think that impact is very literate| |wow literate is really macho| |is more like wry is| 0.375
|[[12, 'impact', 'many', 'particle'], [7, 'impact', 'intelligent', 'intestine'], [7, 'for', 'worthless', 'capital'], [7, 'wait', 'puny', 'breakfast']]| |wait has made a many impact| |cant wait for this intelligent impact| |cant wait for this worthless impact| |cant wait for this puny for| 0.625
|[[12, 'impact', 'many', 'particle'], [2, 'wry', 'wry', 'mattock'], [2, 'is', 'imported', 'helium'], [6, 'like', 'incandescent', 'jam']]| |like has made a many impact| |I dont agree, but impact is wry| |I dont agree, but wry is imported| |is more like incandescent is| 0.125
|[[12, 'impact', 'many', 'particle'], [9, 'going', 'majestic', 'saxophone'], [1, 'jaded', 'jaded', 'aftermath'], [12, 'jaded', 'marvelous', 'sarah']]| |jaded has made a many impact| |This is going to be a majestic saxophone| |wow going is really jaded| |jaded has made a marvelous impact| 0.25
|[[12, 'impact', 'many', 'particle'], [10, 'parrot', 'knowledgeable', 'parrot'], [5, 'today', 'young', 'time'], [5, 'really', 'impolite', 'israel']]| |really has made a many impact| |cant wait for a knowledgeable parrot| |Yea parrot is really young today| |Yea today is really impolite today| 0.5
|[[12, 'impact', 'many', 'particle'], [13, 'impact', 'lamentable', 'kamikaze'], [9, 'to', 'spotless', 'heaven'], [1, 'wow', 'quack', 'parrot']]| |wow has made a many impact| |remember how impact was lamentable| |This is going to be a spotless heaven| |wow to is really quack| 0.125
|[[12, 'impact', 'many', 'particle'], [9, 'going', 'majestic', 'saxophone'], [2, 'is', 'imported', 'helium'], [5, 'really', 'impolite', 'israel']]| |really has made a many impact| |This is going to be a majestic saxophone| |I dont agree, but going is imported| |Yea is is really impolite today| 0.125
|[[12, 'impact', 'many', 'particle'], [10, 'parrot', 'knowledgeable', 'parrot'], [5, 'today', 'young', 'time'], [6, 'like', 'incandescent', 'jam']]| |like has made a many impact| |cant wait for a knowledgeable parrot| |Yea parrot is really young today| |today more like incandescent today| 0.375
|[[12, 'impact', 'many', 'particle'], [13, 'impact', 'lamentable', 'kamikaze'], [5, 'today', 'young', 'time'], [6, 'like', 'incandescent', 'jam']]| |like has made a many impact| |remember how impact was lamentable| |Yea impact is really young today| |today more like incandescent today| 0.625
|[[12, 'impact', 'many', 'particle'], [2, 'wry', 'wry', 'mattock'], [5, 'today', 'young', 'time'], [6, 'like', 'incandescent', 'jam']]| |like has made a many impact| |I dont agree, but impact is wry| |Yea wry is really young today| |today more like incandescent today| 0.5
|[[12, 'impact', 'many', 'particle'], [7, 'impact', 'intelligent', 'intestine'], [2, 'is', 'imported', 'helium'], [7, 'wait', 'puny', 'breakfast']]| |wait has made a many impact| |cant wait for this intelligent impact| |I dont agree, but impact is imported| |cant wait for this puny is| 0.5
|[[12, 'impact', 'many', 'particle'], [9, 'going', 'majestic', 'saxophone'], [9, 'to', 'spotless', 'heaven'], [12, 'jaded', 'marvelous', 'sarah']]| |jaded has made a many impact| |This is going to be a majestic saxophone| |This is going to be a spotless heaven| |to has made a marvelous impact| 0.125
|[[12, 'impact', 'many', 'particle'], [10, 'parrot', 'knowledgeable', 'parrot'], [5, 'today', 'young', 'time'], [12, 'jaded', 'marvelous', 'sarah']]| |jaded has made a many impact| |cant wait for a knowledgeable parrot| |Yea parrot is really young today| |today has made a marvelous impact| 0.625
|[[12, 'impact', 'many', 'particle'], [10, 'parrot', 'knowledgeable', 'parrot'], [2, 'is', 'imported', 'helium'], [1, 'wow', 'quack', 'parrot']]| |wow has made a many impact| |cant wait for a knowledgeable parrot| |I dont agree, but parrot is imported| |wow is is really quack| 0.375
|[[12, 'impact', 'many', 'particle'], [10, 'parrot', 'knowledgeable', 'parrot'], [5, 'today', 'young', 'time'], [5, 'really', 'impolite', 'israel']]| |really has made a many impact| |cant wait for a knowledgeable parrot| |Yea parrot is really young today| |Yea today is really impolite today| 0.5
|[[12, 'impact', 'many', 'particle'], [9, 'going', 'majestic', 'saxophone'], [9, 'to', 'spotless', 'heaven'], [6, 'like', 'incandescent', 'jam']]| |like has made a many impact| |This is going to be a majestic saxophone| |This is going to be a spotless heaven| |to more like incandescent to| 0.25
|[[12, 'impact', 'many', 'particle'], [6, 'more', 'lavish', 'cap'], [12, 'more', 'womanly', 'scallion'], [0, 'that', 'workable', 'karen']]| |that has made a many impact| |impact more like lavish impact| |more has made a womanly impact| |I think that more is very workable| 0.375
|[[12, 'impact', 'many', 'particle'], [2, 'agree,', 'bawdy', 'pansy'], [12, 'impact', 'kindly', 'passive'], [1, 'wow', 'witty', 'scent']]| |wow has made a many impact| |I dont agree, but impact is bawdy| |agree, has made a kindly impact| |wow impact is really witty| 0.375
|[[12, 'impact', 'many', 'particle'], [9, 'This', 'jumbled', 'toilet'], [10, 'cant', 'irritating', 'tire'], [1, 'special', 'special', 'paper']]| |special has made a many impact| |This is going to be a jumbled toilet| |cant wait for a irritating tire| |wow cant is really special| 0.25
|[[12, 'impact', 'many', 'particle'], [3, 'impact,', 'beautiful', 'jogging'], [9, 'This', 'windy', 'hearing'], [5, 'This', 'melodic', 'pan']]| |This has made a many impact| |Man forget about impact, jogging will be beautiful| |This is going to be a windy hearing| |Yea This is really melodic today| 0.5
|[[12, 'impact', 'many', 'particle'], [1, 'is', 'lazy', 'scarecrow'], [5, 'really', 'available', 'bracket'], [12, 'impact', 'keen', 'toe']]| |impact has made a many impact| |wow impact is really lazy| |Yea is is really available today| |really has made a keen impact| 0.375
|[[12, 'impact', 'many', 'particle'], [3, 'impact,', 'beautiful', 'jogging'], [9, 'This', 'windy', 'hearing'], [12, 'impact', 'keen', 'toe']]| |impact has made a many impact| |Man forget about impact, jogging will be beautiful| |This is going to be a windy hearing| |This has made a keen impact| 0.75
|[[12, 'impact', 'many', 'particle'], [3, 'impact,', 'beautiful', 'jogging'], [10, 'cant', 'irritating', 'tire'], [12, 'impact', 'keen', 'toe']]| |impact has made a many impact| |Man forget about impact, jogging will be beautiful| |cant wait for a irritating tire| |cant has made a keen impact| 0.375
|[[12, 'impact', 'many', 'particle'], [6, 'more', 'lavish', 'cap'], [9, 'This', 'windy', 'hearing'], [1, 'special', 'special', 'paper']]| |special has made a many impact| |impact more like lavish impact| |This is going to be a windy hearing| |wow This is really special| 0.625
|[[12, 'impact', 'many', 'particle'], [1, 'is', 'lazy', 'scarecrow'], [10, 'cant', 'irritating', 'tire'], [1, 'wow', 'witty', 'scent']]| |wow has made a many impact| |wow impact is really lazy| |cant wait for a irritating tire| |wow cant is really witty| 0.25
|[[12, 'impact', 'many', 'particle'], [6, 'more', 'lavish', 'cap'], [9, 'This', 'windy', 'hearing'], [5, 'This', 'melodic', 'pan']]| |This has made a many impact| |impact more like lavish impact| |This is going to be a windy hearing| |Yea This is really melodic today| 0.625
|[[12, 'impact', 'many', 'particle'], [1, 'is', 'lazy', 'scarecrow'], [10, 'cant', 'irritating', 'tire'], [12, 'impact', 'keen', 'toe']]| |impact has made a many impact| |wow impact is really lazy| |cant wait for a irritating tire| |cant has made a keen impact| 0.375
|[[12, 'impact', 'many', 'particle'], [3, 'impact,', 'beautiful', 'jogging'], [9, 'This', 'windy', 'hearing'], [12, 'impact', 'keen', 'toe']]| |impact has made a many impact| |Man forget about impact, jogging will be beautiful| |This is going to be a windy hearing| |This has made a keen impact| 0.625
|[[12, 'impact', 'many', 'particle'], [9, 'This', 'jumbled', 'toilet'], [9, 'This', 'windy', 'hearing'], [5, 'This', 'melodic', 'pan']]| |This has made a many impact| |This is going to be a jumbled toilet| |This is going to be a windy hearing| |Yea This is really melodic today| 0.375
|[[12, 'impact', 'many', 'particle'], [3, 'impact,', 'beautiful', 'jogging'], [9, 'This', 'windy', 'hearing'], [12, 'impact', 'keen', 'toe']]| |impact has made a many impact| |Man forget about impact, jogging will be beautiful| |This is going to be a windy hearing| |This has made a keen impact| 0.5
|[[12, 'impact', 'many', 'particle'], [1, 'is', 'lazy', 'scarecrow'], [12, 'more', 'womanly', 'scallion'], [0, 'that', 'workable', 'karen']]| |that has made a many impact| |wow impact is really lazy| |is has made a womanly impact| |I think that more is very workable| 0.5
|[[12, 'impact', 'many', 'particle'], [8, 'than', 'left', 'helium'], [5, 'wretched', 'wretched', 'hemp'], [4, 'wretched', 'chemical', 'saw']]| |wretched has made a many impact| |I think helium is more left than impact| |Yea than is really wretched today| |This wretched will be chemical| 0.125
|[[12, 'impact', 'many', 'particle'], [4, 'This', 'automatic', 'insulation'], [2, 'but', 'languid', 'hoe'], [2, 'agree,', 'yummy', 'brochure']]| |agree, has made a many impact| |This impact will be automatic| |I dont agree, but This is languid| |I dont agree, but but is yummy| 0.5
|[[12, 'impact', 'many', 'particle'], [0, 'I', 'male', 'airbus'], [4, 'I', 'malicious', 'mandolin'], [5, 'I', 'invincible', 'mailman']]| |I has made a many impact| |I think that impact is very male| |This I will be malicious| |Yea I is really invincible today| 0.25
|[[12, 'impact', 'many', 'particle'], [8, 'modern', 'modern', 'scene'], [4, 'modern', 'wonderful', 'jaguar'], [6, 'modern', 'cheap', 'match']]| |modern has made a many impact| |I think scene is more modern than impact| |This modern will be wonderful| |modern more like cheap modern| 0.375
|[[12, 'impact', 'many', 'particle'], [12, 'spectacular', 'spectacular', 'interactive'], [13, 'remember', 'cheap', 'paper'], [1, 'wow', 'befitting', 'parcel']]| |wow has made a many impact| |impact has made a spectacular impact| |remember how spectacular was cheap| |wow remember is really befitting| 0.375
|[[12, 'impact', 'many', 'particle'], [8, 'modern', 'modern', 'scene'], [13, 'remember', 'cheap', 'paper'], [2, 'agree,', 'yummy', 'brochure']]| |agree, has made a many impact| |I think scene is more modern than impact| |remember how modern was cheap| |I dont agree, but remember is yummy| 0.5
|[[12, 'impact', 'many', 'particle'], [12, 'spectacular', 'spectacular', 'interactive'], [13, 'remember', 'cheap', 'paper'], [4, 'wretched', 'chemical', 'saw']]| |wretched has made a many impact| |impact has made a spectacular impact| |remember how spectacular was cheap| |This remember will be chemical| 0.5
|[[12, 'impact', 'many', 'particle'], [0, 'I', 'male', 'airbus'], [2, 'but', 'languid', 'hoe'], [6, 'modern', 'cheap', 'match']]| |modern has made a many impact| |I think that impact is very male| |I dont agree, but I is languid| |but more like cheap but| 0.375
|[[12, 'impact', 'many', 'particle'], [12, 'spectacular', 'spectacular', 'interactive'], [2, 'but', 'languid', 'hoe'], [2, 'agree,', 'yummy', 'brochure']]| |agree, has made a many impact| |impact has made a spectacular impact| |I dont agree, but spectacular is languid| |I dont agree, but but is yummy| 0.25
|[[12, 'impact', 'many', 'particle'], [0, 'I', 'male', 'airbus'], [2, 'but', 'languid', 'hoe'], [2, 'agree,', 'yummy', 'brochure']]| |agree, has made a many impact| |I think that impact is very male| |I dont agree, but I is languid| |I dont agree, but but is yummy| 0.25
|[[12, 'impact', 'many', 'particle'], [12, 'spectacular', 'spectacular', 'interactive'], [4, 'modern', 'wonderful', 'jaguar'], [2, 'agree,', 'yummy', 'brochure']]| |agree, has made a many impact| |impact has made a spectacular impact| |This spectacular will be wonderful| |I dont agree, but modern is yummy| 0.625
|[[12, 'impact', 'many', 'particle'], [0, 'I', 'male', 'airbus'], [2, 'but', 'languid', 'hoe'], [2, 'agree,', 'yummy', 'brochure']]| |agree, has made a many impact| |I think that impact is very male| |I dont agree, but I is languid| |I dont agree, but but is yummy| 0.25
|[[12, 'impact', 'many', 'particle'], [0, 'I', 'male', 'airbus'], [2, 'but', 'languid', 'hoe'], [4, 'wretched', 'chemical', 'saw']]| |wretched has made a many impact| |I think that impact is very male| |I dont agree, but I is languid| |This but will be chemical| 0.25
|[[12, 'impact', 'many', 'particle'], [8, 'than', 'left', 'helium'], [4, 'modern', 'wonderful', 'jaguar'], [4, 'wretched', 'chemical', 'saw']]| |wretched has made a many impact| |I think helium is more left than impact| |This than will be wonderful| |This modern will be chemical| 0.25
|[[12, 'impact', 'many', 'particle'], [12, 'spectacular', 'spectacular', 'interactive'], [13, 'remember', 'cheap', 'paper'], [5, 'I', 'invincible', 'mailman']]| |I has made a many impact| |impact has made a spectacular impact| |remember how spectacular was cheap| |Yea remember is really invincible today| 0.375
|[[12, 'impact', 'many', 'particle'], [4, 'will', 'loving', 'brass'], [11, 'cautious', 'cautious', 'paper'], [13, 'how', 'known', 'parsnip']]| |how has made a many impact| |This impact will be loving| |will cant believe the cautious paper| |remember how cautious was known| 0.375
|[[12, 'impact', 'many', 'particle'], [6, 'workable', 'workable', 'capital'], [3, 'be', 'malicious', 'jam'], [5, 'today', 'loose', 'hook']]| |today has made a many impact| |impact more like workable impact| |Man forget about workable, jam will be malicious| |Yea be is really loose today| 0.375
|[[12, 'impact', 'many', 'particle'], [8, 'youthful', 'youthful', 'titanium'], [0, 'I', 'aback', 'call'], [1, 'I', 'lively', 'himalayan']]| |I has made a many impact| |I think titanium is more youthful than impact| |I think that youthful is very aback| |wow I is really lively| 0.625
|[[12, 'impact', 'many', 'particle'], [6, 'like', 'xenophobic', 'brand'], [12, 'a', 'late', 'parsnip'], [9, 'be', 'auspicious', 'judge']]| |be has made a many impact| |impact more like xenophobic impact| |like has made a late impact| |This is going to be a auspicious judge| 0.125
|[[12, 'impact', 'many', 'particle'], [9, 'going', 'lying', 'cable'], [1, 'wow', 'miscreant', 'iris'], [7, 'wow', 'aback', 'meat']]| |wow has made a many impact| |This is going to be a lying cable| |wow going is really miscreant| |cant wait for this aback wow| 0.125
|[[12, 'impact', 'many', 'particle'], [6, 'like', 'xenophobic', 'brand'], [0, 'I', 'aback', 'call'], [1, 'I', 'lively', 'himalayan']]| |I has made a many impact| |impact more like xenophobic impact| |I think that like is very aback| |wow I is really lively| 0.625
|[[12, 'impact', 'many', 'particle'], [9, 'going', 'lying', 'cable'], [3, 'be', 'malicious', 'jam'], [13, 'how', 'known', 'parsnip']]| |how has made a many impact| |This is going to be a lying cable| |Man forget about going, jam will be malicious| |remember how be was known| 0.125
|[[12, 'impact', 'many', 'particle'], [4, 'will', 'loving', 'brass'], [3, 'be', 'malicious', 'jam'], [1, 'I', 'lively', 'himalayan']]| |I has made a many impact| |This impact will be loving| |Man forget about will, jam will be malicious| |wow be is really lively| 0.5
|[[12, 'impact', 'many', 'particle'], [8, 'youthful', 'youthful', 'titanium'], [12, 'a', 'late', 'parsnip'], [9, 'be', 'auspicious', 'judge']]| |be has made a many impact| |I think titanium is more youthful than impact| |youthful has made a late impact| |This is going to be a auspicious judge| 0.125
|[[12, 'impact', 'many', 'particle'], [6, 'like', 'xenophobic', 'brand'], [12, 'a', 'late', 'parsnip'], [5, 'today', 'loose', 'hook']]| |today has made a many impact| |impact more like xenophobic impact| |like has made a late impact| |Yea a is really loose today| 0.625
|[[12, 'impact', 'many', 'particle'], [8, 'youthful', 'youthful', 'titanium'], [12, 'a', 'late', 'parsnip'], [5, 'today', 'loose', 'hook']]| |today has made a many impact| |I think titanium is more youthful than impact| |youthful has made a late impact| |Yea a is really loose today| 0.375
|[[12, 'impact', 'many', 'particle'], [6, 'like', 'xenophobic', 'brand'], [1, 'wow', 'miscreant', 'iris'], [1, 'I', 'lively', 'himalayan']]| |I has made a many impact| |impact more like xenophobic impact| |wow like is really miscreant| |wow wow is really lively| 0.375
|[[12, 'impact', 'many', 'particle'], [4, 'will', 'loving', 'brass'], [0, 'I', 'aback', 'call'], [13, 'how', 'known', 'parsnip']]| |how has made a many impact| |This impact will be loving| |I think that will is very aback| |remember how I was known| 0.75
|[[12, 'impact', 'many', 'particle'], [8, 'youthful', 'youthful', 'titanium'], [3, 'be', 'malicious', 'jam'], [1, 'I', 'lively', 'himalayan']]| |I has made a many impact| |I think titanium is more youthful than impact| |Man forget about youthful, jam will be malicious| |wow be is really lively| 0.25
|[[12, 'impact', 'many', 'particle'], [8, 'youthful', 'youthful', 'titanium'], [0, 'I', 'aback', 'call'], [5, 'today', 'loose', 'hook']]| |today has made a many impact| |I think titanium is more youthful than impact| |I think that youthful is very aback| |Yea I is really loose today| 0.625
|[[12, 'impact', 'many', 'particle'], [13, 'how', 'beneficial', 'map'], [12, 'has', 'spicy', 'passenger'], [4, 'has', 'lopsided', 'partridge']]| |has has made a many impact| |remember how impact was beneficial| |how has made a spicy impact| |This has will be lopsided| 0.25
|[[12, 'impact', 'many', 'particle'], [4, 'will', 'left', 'interest'], [11, 'the', 'woozy', 'home'], [12, 'imperfect', 'imperfect', 'cable']]| |imperfect has made a many impact| |This impact will be left| |will cant believe the woozy home| |the has made a imperfect impact| 0.25
|[[12, 'impact', 'many', 'particle'], [10, 'british', 'lumpy', 'british'], [7, 'british', 'sore', 'june'], [8, 'british', 'wrathful', 'agenda']]| |british has made a many impact| |cant wait for a lumpy british| |cant wait for this sore british| |I think agenda is more wrathful than british| 0.625
|[[12, 'impact', 'many', 'particle'], [1, 'is', 'spiky', 'salesman'], [13, 'how', 'belligerent', 'cannon'], [11, 'cant', 'willing', 'sale']]| |cant has made a many impact| |wow impact is really spiky| |remember how is was belligerent| |how cant believe the willing sale| 0.125
|[[12, 'impact', 'many', 'particle'], [0, 'impact', 'wistful', 'invoice'], [6, 'insidious', 'insidious', 'insurance'], [13, 'insidious', 'massive', 'bracket']]| |insidious has made a many impact| |I think that impact is very wistful| |impact more like insidious impact| |remember how insidious was massive| 0.5
|[[12, 'impact', 'many', 'particle'], [4, 'will', 'left', 'interest'], [6, 'insidious', 'insidious', 'insurance'], [13, 'insidious', 'massive', 'bracket']]| |insidious has made a many impact| |This impact will be left| |will more like insidious will| |remember how insidious was massive| 0.25
|[[12, 'impact', 'many', 'particle'], [10, 'british', 'lumpy', 'british'], [6, 'insidious', 'insidious', 'insurance'], [11, 'cant', 'willing', 'sale']]| |cant has made a many impact| |cant wait for a lumpy british| |british more like insidious british| |insidious cant believe the willing sale| 0.25
|[[12, 'impact', 'many', 'particle'], [13, 'how', 'beneficial', 'map'], [11, 'the', 'woozy', 'home'], [4, 'has', 'lopsided', 'partridge']]| |has has made a many impact| |remember how impact was beneficial| |how cant believe the woozy home| |This the will be lopsided| 0.375
|[[12, 'impact', 'many', 'particle'], [0, 'impact', 'wistful', 'invoice'], [13, 'how', 'belligerent', 'cannon'], [11, 'cant', 'willing', 'sale']]| |cant has made a many impact| |I think that impact is very wistful| |remember how impact was belligerent| |how cant believe the willing sale| 0.5
|[[12, 'impact', 'many', 'particle'], [13, 'how', 'beneficial', 'map'], [7, 'british', 'sore', 'june'], [11, 'cant', 'willing', 'sale']]| |cant has made a many impact| |remember how impact was beneficial| |cant wait for this sore how| |british cant believe the willing sale| 0.5
|[[12, 'impact', 'many', 'particle'], [13, 'how', 'beneficial', 'map'], [6, 'insidious', 'insidious', 'insurance'], [11, 'cant', 'willing', 'sale']]| |cant has made a many impact| |remember how impact was beneficial| |how more like insidious how| |insidious cant believe the willing sale| 0.375
|[[12, 'impact', 'many', 'particle'], [0, 'impact', 'wistful', 'invoice'], [12, 'has', 'spicy', 'passenger'], [13, 'insidious', 'massive', 'bracket']]| |insidious has made a many impact| |I think that impact is very wistful| |impact has made a spicy impact| |remember how has was massive| 0.5
|[[12, 'impact', 'many', 'particle'], [13, 'how', 'beneficial', 'map'], [6, 'insidious', 'insidious', 'insurance'], [8, 'british', 'wrathful', 'agenda']]| |british has made a many impact| |remember how impact was beneficial| |how more like insidious how| |I think agenda is more wrathful than insidious| 0.5
|[[12, 'impact', 'many', 'particle'], [0, 'impact', 'wistful', 'invoice'], [7, 'british', 'sore', 'june'], [4, 'has', 'lopsided', 'partridge']]| |has has made a many impact| |I think that impact is very wistful| |cant wait for this sore impact| |This british will be lopsided| 0.5
|[[12, 'impact', 'many', 'particle'], [1, 'is', 'spiky', 'salesman'], [11, 'the', 'woozy', 'home'], [11, 'cant', 'willing', 'sale']]| |cant has made a many impact| |wow impact is really spiky| |is cant believe the woozy home| |the cant believe the willing sale| 0.375
|[[12, 'impact', 'many', 'particle'], [13, 'was', 'itchy', 'panty'], [2, 'sophisticated', 'sophisticated', 'salmon'], [4, 'jagged', 'jagged', 'scale']]| |jagged has made a many impact| |remember how impact was itchy| |I dont agree, but was is sophisticated| |This sophisticated will be jagged| 0.25
|[[12, 'impact', 'many', 'particle'], [12, 'impact', 'madly', 'hockey'], [13, 'was', 'squalid', 'interactive'], [8, 'think', 'somber', 'hobbies']]| |think has made a many impact| |impact has made a madly impact| |remember how impact was squalid| |I think hobbies is more somber than was| 0.5
|[[12, 'impact', 'many', 'particle'], [0, 'impact', 'lame', 'screw'], [5, 'invincible', 'invincible', 'scale'], [1, 'really', 'moaning', 'imprisonment']]| |really has made a many impact| |I think that impact is very lame| |Yea impact is really invincible today| |wow invincible is really moaning| 0.5
|[[12, 'impact', 'many', 'particle'], [5, 'today', 'light', 'measure'], [7, 'this', 'minor', 'italy'], [10, 'cant', 'zany', 'medicine']]| |cant has made a many impact| |Yea impact is really light today| |cant wait for this minor today| |cant wait for a zany medicine| 0.375
|[[12, 'impact', 'many', 'particle'], [11, 'heat', 'chunky', 'heat'], [0, 'very', 'bashful', 'titanium'], [11, 'cant', 'sophisticated', 'saw']]| |cant has made a many impact| |impact cant believe the chunky heat| |I think that heat is very bashful| |very cant believe the sophisticated saw| 0.375
|[[12, 'impact', 'many', 'particle'], [11, 'heat', 'chunky', 'heat'], [5, 'invincible', 'invincible', 'scale'], [8, 'think', 'somber', 'hobbies']]| |think has made a many impact| |impact cant believe the chunky heat| |Yea heat is really invincible today| |I think hobbies is more somber than invincible| 0.625
|[[12, 'impact', 'many', 'particle'], [5, 'today', 'light', 'measure'], [13, 'was', 'squalid', 'interactive'], [8, 'think', 'somber', 'hobbies']]| |think has made a many impact| |Yea impact is really light today| |remember how today was squalid| |I think hobbies is more somber than was| 0.625
|[[12, 'impact', 'many', 'particle'], [0, 'impact', 'lame', 'screw'], [0, 'very', 'bashful', 'titanium'], [1, 'really', 'moaning', 'imprisonment']]| |really has made a many impact| |I think that impact is very lame| |I think that impact is very bashful| |wow very is really moaning| 0.5
|[[12, 'impact', 'many', 'particle'], [5, 'today', 'light', 'measure'], [0, 'very', 'bashful', 'titanium'], [4, 'jagged', 'jagged', 'scale']]| |jagged has made a many impact| |Yea impact is really light today| |I think that today is very bashful| |This very will be jagged| 0.5
|[[12, 'impact', 'many', 'particle'], [5, 'today', 'light', 'measure'], [5, 'invincible', 'invincible', 'scale'], [1, 'really', 'moaning', 'imprisonment']]| |really has made a many impact| |Yea impact is really light today| |Yea today is really invincible today| |wow invincible is really moaning| 0.625
|[[12, 'impact', 'many', 'particle'], [5, 'today', 'light', 'measure'], [5, 'invincible', 'invincible', 'scale'], [4, 'jagged', 'jagged', 'scale']]| |jagged has made a many impact| |Yea impact is really light today| |Yea today is really invincible today| |This invincible will be jagged| 0.625
|[[12, 'impact', 'many', 'particle'], [12, 'impact', 'madly', 'hockey'], [2, 'sophisticated', 'sophisticated', 'salmon'], [8, 'think', 'somber', 'hobbies']]| |think has made a many impact| |impact has made a madly impact| |I dont agree, but impact is sophisticated| |I think hobbies is more somber than sophisticated| 0.75
|[[12, 'impact', 'many', 'particle'], [5, 'today', 'light', 'measure'], [5, 'invincible', 'invincible', 'scale'], [8, 'think', 'somber', 'hobbies']]| |think has made a many impact| |Yea impact is really light today| |Yea today is really invincible today| |I think hobbies is more somber than invincible| 0.875
|[[12, 'impact', 'many', 'particle'], [11, 'heat', 'chunky', 'heat'], [0, 'very', 'bashful', 'titanium'], [11, 'cant', 'sophisticated', 'saw']]| |cant has made a many impact| |impact cant believe the chunky heat| |I think that heat is very bashful| |very cant believe the sophisticated saw| 0.25
|[[12, 'impact', 'many', 'particle'], [5, 'today', 'light', 'measure'], [13, 'was', 'squalid', 'interactive'], [10, 'cant', 'zany', 'medicine']]| |cant has made a many impact| |Yea impact is really light today| |remember how today was squalid| |cant wait for a zany medicine| 0.625
